method,condition,sec_per_1000rows_median
ICA,EC,0.1005644025776456
ICA,EO,0.10891706554790727
LB,EC,0.0014755527071113176
LB,EO,0.0014970235193002943
PCA,EC,0.004932538858872461
PCA,EO,0.004898351577423507
SPH,EC,0.0033962713738825787
SPH,EO,0.003433144686030264
